year,facility,month,traffic
2011,George Washington Bridge,Jan,"3,370,936"
2011,George Washington Bridge,Feb,"3,272,225"
2011,George Washington Bridge,Mar,"3,843,661"
2011,George Washington Bridge,Apr,"3,895,462"
2011,George Washington Bridge,May,"4,109,595"
2011,George Washington Bridge,Jun,"4,087,871"
2011,George Washington Bridge,Jul,"4,286,338"
2011,George Washington Bridge,Aug,"4,029,977"
2011,George Washington Bridge,Sep,"3,831,941"
2011,George Washington Bridge,Oct,"3,794,633"
2011,George Washington Bridge,Nov,"3,755,512"
2011,George Washington Bridge,Dec,"3,838,062"
2011,Lincoln Tunnel,Jan,"1,244,648"
2011,Lincoln Tunnel,Feb,"1,222,260"
2011,Lincoln Tunnel,Mar,"1,435,307"
2011,Lincoln Tunnel,Apr,"1,436,851"
2011,Lincoln Tunnel,May,"1,469,370"
2011,Lincoln Tunnel,Jun,"1,450,951"
2011,Lincoln Tunnel,Jul,"1,446,782"
2011,Lincoln Tunnel,Aug,"1,386,454"
2011,Lincoln Tunnel,Sep,"1,368,670"
2011,Lincoln Tunnel,Oct,"1,414,449"
2011,Lincoln Tunnel,Nov,"1,360,566"
2011,Lincoln Tunnel,Dec,"1,407,683"
2011,Holland Tunnel,Jan,"1,192,262"
2011,Holland Tunnel,Feb,"1,183,356"
2011,Holland Tunnel,Mar,"1,383,611"
2011,Holland Tunnel,Apr,"1,354,127"
2011,Holland Tunnel,May,"1,404,464"
2011,Holland Tunnel,Jun,"1,392,537"
2011,Holland Tunnel,Jul,"1,415,311"
2011,Holland Tunnel,Aug,"1,333,653"
2011,Holland Tunnel,Sep,"1,292,859"
2011,Holland Tunnel,Oct,"1,337,877"
2011,Holland Tunnel,Nov,"1,308,279"
2011,Holland Tunnel,Dec,"1,369,636"
2011,Goethals Bridge,Jan,"908,233"
2011,Goethals Bridge,Feb,"896,210"
2011,Goethals Bridge,Mar,"1,044,992"
2011,Goethals Bridge,Apr,"1,053,866"
2011,Goethals Bridge,May,"1,128,772"
2011,Goethals Bridge,Jun,"1,121,666"
2011,Goethals Bridge,Jul,"1,206,196"
2011,Goethals Bridge,Aug,"1,125,589"
2011,Goethals Bridge,Sep,"1,076,713"
2011,Goethals Bridge,Oct,"1,067,176"
2011,Goethals Bridge,Nov,"1,053,908"
2011,Goethals Bridge,Dec,"1,083,376"
2011,Outerbridge Crossing,Jan,"989,714"
2011,Outerbridge Crossing,Feb,"979,631"
2011,Outerbridge Crossing,Mar,"1,134,072"
2011,Outerbridge Crossing,Apr,"1,141,720"
2011,Outerbridge Crossing,May,"1,216,294"
2011,Outerbridge Crossing,Jun,"1,233,632"
2011,Outerbridge Crossing,Jul,"1,284,348"
2011,Outerbridge Crossing,Aug,"1,201,291"
2011,Outerbridge Crossing,Sep,"1,147,633"
2011,Outerbridge Crossing,Oct,"1,142,344"
2011,Outerbridge Crossing,Nov,"1,101,917"
2011,Outerbridge Crossing,Dec,"1,155,746"
2011,Bayonne Bridge,Jan,"237,522"
2011,Bayonne Bridge,Feb,"232,496"
2011,Bayonne Bridge,Mar,"273,643"
2011,Bayonne Bridge,Apr,"272,343"
2011,Bayonne Bridge,May,"285,160"
2011,Bayonne Bridge,Jun,"284,862"
2011,Bayonne Bridge,Jul,"278,601"
2011,Bayonne Bridge,Aug,"270,606"
2011,Bayonne Bridge,Sep,"267,838"
2011,Bayonne Bridge,Oct,"266,971"
2011,Bayonne Bridge,Nov,"264,128"
2011,Bayonne Bridge,Dec,"271,087"
2012,Bayonne Bridge,Jan,"8,213,612"
2012,Bayonne Bridge,Feb,"8,035,177"
2012,Bayonne Bridge,Mar,"8,922,026"
2012,Bayonne Bridge,Apr,"8,926,153"
2012,Bayonne Bridge,May,"9,309,400"
2012,Bayonne Bridge,Jun,"9,279,150"
2012,Bayonne Bridge,Jul,"9,320,529"
2012,Bayonne Bridge,Aug,"9,545,488"
2012,Bayonne Bridge,Sep,"8,803,800"
2012,Bayonne Bridge,Oct,"8,448,028"
2012,Bayonne Bridge,Nov,"8,148,620"
2012,Bayonne Bridge,Dec,"8,943,461"
2012,George Washington Bridge,Jan,"3,466,198"
2012,George Washington Bridge,Feb,"3,403,296"
2012,George Washington Bridge,Mar,"3,776,733"
2012,George Washington Bridge,Apr,"3,800,033"
2012,George Washington Bridge,May,"3,989,147"
2012,George Washington Bridge,Jun,"3,950,022"
2012,George Washington Bridge,Jul,"3,938,602"
2012,George Washington Bridge,Aug,"4,064,364"
2012,George Washington Bridge,Sep,"3,745,627"
2012,George Washington Bridge,Oct,"3,613,061"
2012,George Washington Bridge,Nov,"3,530,822"
2012,George Washington Bridge,Dec,"3,764,422"
2012,Lincoln Tunnel,Jan,"1,264,594"
2012,Lincoln Tunnel,Feb,"1,225,113"
2012,Lincoln Tunnel,Mar,"1,368,212"
2012,Lincoln Tunnel,Apr,"1,371,508"
2012,Lincoln Tunnel,May,"1,379,275"
2012,Lincoln Tunnel,Jun,"1,363,012"
2012,Lincoln Tunnel,Jul,"1,349,939"
2012,Lincoln Tunnel,Aug,"1,367,403"
2012,Lincoln Tunnel,Sep,"1,314,035"
2012,Lincoln Tunnel,Oct,"1,303,701"
2012,Lincoln Tunnel,Nov,"1,255,820"
2012,Lincoln Tunnel,Dec,"1,346,790"
2012,Holland Tunnel,Jan,"1,238,578"
2012,Holland Tunnel,Feb,"1,210,725"
2012,Holland Tunnel,Mar,"1,354,370"
2012,Holland Tunnel,Apr,"1,313,721"
2012,Holland Tunnel,May,"1,383,353"
2012,Holland Tunnel,Jun,"1,369,231"
2012,Holland Tunnel,Jul,"1,364,617"
2012,Holland Tunnel,Aug,"1,384,751"
2012,Holland Tunnel,Sep,"1,296,412"
2012,Holland Tunnel,Oct,"1,219,479"
2012,Holland Tunnel,Nov,"1,003,234"
2012,Holland Tunnel,Dec,"1,350,480"
2012,Goethals Bridge,Jan,"953,229"
2012,Goethals Bridge,Feb,"933,634"
2012,Goethals Bridge,Mar,"1,030,675"
2012,Goethals Bridge,Apr,"1,051,085"
2012,Goethals Bridge,May,"1,096,654"
2012,Goethals Bridge,Jun,"1,108,960"
2012,Goethals Bridge,Jul,"1,160,643"
2012,Goethals Bridge,Aug,"1,179,889"
2012,Goethals Bridge,Sep,"1,053,576"
2012,Goethals Bridge,Oct,"991,045"
2012,Goethals Bridge,Nov,"1,034,847"
2012,Goethals Bridge,Dec,"1,063,539"
2012,Outerbridge Crossing,Jan,"1,039,372"
2012,Outerbridge Crossing,Feb,"1,015,951"
2012,Outerbridge Crossing,Mar,"1,120,401"
2012,Outerbridge Crossing,Apr,"1,124,260"
2012,Outerbridge Crossing,May,"1,181,137"
2012,Outerbridge Crossing,Jun,"1,211,568"
2012,Outerbridge Crossing,Jul,"1,232,593"
2012,Outerbridge Crossing,Aug,"1,263,507"
2012,Outerbridge Crossing,Sep,"1,132,936"
2012,Outerbridge Crossing,Oct,"1,063,493"
2012,Outerbridge Crossing,Nov,"1,068,805"
2012,Outerbridge Crossing,Dec,"1,154,147"
2012,Bayonne Bridge,Jan,"251,641"
2012,Bayonne Bridge,Feb,"246,458"
2012,Bayonne Bridge,Mar,"271,635"
2012,Bayonne Bridge,Apr,"265,546"
2012,Bayonne Bridge,May,"279,834"
2012,Bayonne Bridge,Jun,"276,357"
2012,Bayonne Bridge,Jul,"274,135"
2012,Bayonne Bridge,Aug,"285,574"
2012,Bayonne Bridge,Sep,"261,214"
2012,Bayonne Bridge,Oct,"257,249"
2012,Bayonne Bridge,Nov,"255,092"
2012,Bayonne Bridge,Dec,"264,083"
2013,Bayonne Bridge,Jan,"8,216,417"
2013,Bayonne Bridge,Feb,"7,353,012"
2013,Bayonne Bridge,Mar,"8,794,256"
2013,Bayonne Bridge,Apr,"8,760,101"
2013,Bayonne Bridge,May,"9,227,283"
2013,Bayonne Bridge,Jun,"9,178,849"
2013,Bayonne Bridge,Jul,"9,348,192"
2013,Bayonne Bridge,Aug,"9,545,880"
2013,Bayonne Bridge,Sep,"8,752,102"
2013,Bayonne Bridge,Oct,"9,049,069"
2013,Bayonne Bridge,Nov,"8,610,969"
2013,Bayonne Bridge,Dec,"8,615,632"
2013,George Washington Bridge,Jan,"3,492,301"
2013,George Washington Bridge,Feb,"3,123,248"
2013,George Washington Bridge,Mar,"3,733,528"
2013,George Washington Bridge,Apr,"3,766,341"
2013,George Washington Bridge,May,"3,981,261"
2013,George Washington Bridge,Jun,"3,953,938"
2013,George Washington Bridge,Jul,"4,106,819"
2013,George Washington Bridge,Aug,"4,152,567"
2013,George Washington Bridge,Sep,"3,776,525"
2013,George Washington Bridge,Oct,"3,911,303"
2013,George Washington Bridge,Nov,"3,703,555"
2013,George Washington Bridge,Dec,"3,662,840"
2013,Lincoln Tunnel,Jan,"1,219,523"
2013,Lincoln Tunnel,Feb,"1,097,250"
2013,Lincoln Tunnel,Mar,"1,326,952"
2013,Lincoln Tunnel,Apr,"1,296,866"
2013,Lincoln Tunnel,May,"1,356,218"
2013,Lincoln Tunnel,Jun,"1,335,536"
2013,Lincoln Tunnel,Jul,"1,306,647"
2013,Lincoln Tunnel,Aug,"1,378,856"
2013,Lincoln Tunnel,Sep,"1,303,675"
2013,Lincoln Tunnel,Oct,"1,351,104"
2013,Lincoln Tunnel,Nov,"1,301,802"
2013,Lincoln Tunnel,Dec,"1,305,674"
2013,Holland Tunnel,Jan,"1,233,012"
2013,Holland Tunnel,Feb,"1,111,849"
2013,Holland Tunnel,Mar,"1,317,115"
2013,Holland Tunnel,Apr,"1,299,892"
2013,Holland Tunnel,May,"1,351,918"
2013,Holland Tunnel,Jun,"1,331,205"
2013,Holland Tunnel,Jul,"1,344,131"
2013,Holland Tunnel,Aug,"1,348,026"
2013,Holland Tunnel,Sep,"1,271,663"
2013,Holland Tunnel,Oct,"1,338,370"
2013,Holland Tunnel,Nov,"1,274,789"
2013,Holland Tunnel,Dec,"1,288,600"
2013,Goethals Bridge,Jan,"962,190"
2013,Goethals Bridge,Feb,"854,167"
2013,Goethals Bridge,Mar,"1,034,280"
2013,Goethals Bridge,Apr,"1,017,343"
2013,Goethals Bridge,May,"1,076,043"
2013,Goethals Bridge,Jun,"1,083,832"
2013,Goethals Bridge,Jul,"1,189,012"
2013,Goethals Bridge,Aug,"1,241,481"
2013,Goethals Bridge,Sep,"1,124,392"
2013,Goethals Bridge,Oct,"1,117,146"
2013,Goethals Bridge,Nov,"1,021,910"
2013,Goethals Bridge,Dec,"1,038,184"
2013,Outerbridge Crossing,Jan,"1,053,973"
2013,Outerbridge Crossing,Feb,"937,802"
2013,Outerbridge Crossing,Mar,"1,121,310"
2013,Outerbridge Crossing,Apr,"1,115,188"
2013,Outerbridge Crossing,May,"1,183,467"
2013,Outerbridge Crossing,Jun,"1,203,344"
2013,Outerbridge Crossing,Jul,"1,126,688"
2013,Outerbridge Crossing,Aug,"1,144,093"
2013,Outerbridge Crossing,Sep,"1,013,425"
2013,Outerbridge Crossing,Oct,"1,055,048"
2013,Outerbridge Crossing,Nov,"1,048,288"
2013,Outerbridge Crossing,Dec,"1,074,183"
2013,Bayonne Bridge,Jan,"255,418"
2013,Bayonne Bridge,Feb,"228,696"
2013,Bayonne Bridge,Mar,"261,071"
2013,Bayonne Bridge,Apr,"264,471"
2013,Bayonne Bridge,May,"278,376"
2013,Bayonne Bridge,Jun,"270,994"
2013,Bayonne Bridge,Jul,"274,895"
2013,Bayonne Bridge,Aug,"280,857"
2013,Bayonne Bridge,Sep,"262,422"
2013,Bayonne Bridge,Oct,"276,098"
2013,Bayonne Bridge,Nov,"260,625"
2013,Bayonne Bridge,Dec,"246,151"
2014,Bayonne Bridge,Jan,"7,581,418"
2014,Bayonne Bridge,Feb,"6,785,435"
2014,Bayonne Bridge,Mar,"8,524,299"
2014,Bayonne Bridge,Apr,"8,680,283"
2014,Bayonne Bridge,May,"9,269,061"
2014,Bayonne Bridge,Jun,"9,099,134"
2014,Bayonne Bridge,Jul,"9,264,996"
2014,Bayonne Bridge,Aug,"9,554,892"
2014,Bayonne Bridge,Sep,"8,766,974"
2014,Bayonne Bridge,Oct,"8,970,784"
2014,Bayonne Bridge,Nov,"8,578,702"
2014,Bayonne Bridge,Dec,"8,888,799"
2014,George Washington Bridge,Jan,"3,255,715"
2014,George Washington Bridge,Feb,"2,891,336"
2014,George Washington Bridge,Mar,"3,667,843"
2014,George Washington Bridge,Apr,"3,772,933"
2014,George Washington Bridge,May,"4,059,315"
2014,George Washington Bridge,Jun,"3,924,976"
2014,George Washington Bridge,Jul,"4,041,566"
2014,George Washington Bridge,Aug,"4,188,938"
2014,George Washington Bridge,Sep,"3,821,762"
2014,George Washington Bridge,Oct,"3,900,970"
2014,George Washington Bridge,Nov,"3,753,086"
2014,George Washington Bridge,Dec,"3,857,135"
2014,Lincoln Tunnel,Jan,"1,159,422"
2014,Lincoln Tunnel,Feb,"1,050,042"
2014,Lincoln Tunnel,Mar,"1,312,849"
2014,Lincoln Tunnel,Apr,"1,322,246"
2014,Lincoln Tunnel,May,"1,389,716"
2014,Lincoln Tunnel,Jun,"1,363,822"
2014,Lincoln Tunnel,Jul,"1,326,877"
2014,Lincoln Tunnel,Aug,"1,369,748"
2014,Lincoln Tunnel,Sep,"1,306,417"
2014,Lincoln Tunnel,Oct,"1,368,904"
2014,Lincoln Tunnel,Nov,"1,294,683"
2014,Lincoln Tunnel,Dec,"1,332,199"
2014,Holland Tunnel,Jan,"1,132,938"
2014,Holland Tunnel,Feb,"1,017,220"
2014,Holland Tunnel,Mar,"1,261,875"
2014,Holland Tunnel,Apr,"1,221,890"
2014,Holland Tunnel,May,"1,303,867"
2014,Holland Tunnel,Jun,"1,289,702"
2014,Holland Tunnel,Jul,"1,306,025"
2014,Holland Tunnel,Aug,"1,337,589"
2014,Holland Tunnel,Sep,"1,256,700"
2014,Holland Tunnel,Oct,"1,279,894"
2014,Holland Tunnel,Nov,"1,229,097"
2014,Holland Tunnel,Dec,"1,278,468"
2014,Goethals Bridge,Jan,"878,738"
2014,Goethals Bridge,Feb,"789,584"
2014,Goethals Bridge,Mar,"995,437"
2014,Goethals Bridge,Apr,"1,051,963"
2014,Goethals Bridge,May,"1,138,786"
2014,Goethals Bridge,Jun,"1,114,883"
2014,Goethals Bridge,Jul,"1,154,540"
2014,Goethals Bridge,Aug,"1,208,704"
2014,Goethals Bridge,Sep,"1,074,889"
2014,Goethals Bridge,Oct,"1,080,707"
2014,Goethals Bridge,Nov,"1,045,803"
2014,Goethals Bridge,Dec,"1,083,542"
2014,Outerbridge Crossing,Jan,"936,982"
2014,Outerbridge Crossing,Feb,"845,583"
2014,Outerbridge Crossing,Mar,"1,057,894"
2014,Outerbridge Crossing,Apr,"1,088,412"
2014,Outerbridge Crossing,May,"1,165,785"
2014,Outerbridge Crossing,Jun,"1,175,398"
2014,Outerbridge Crossing,Jul,"1,205,280"
2014,Outerbridge Crossing,Aug,"1,251,075"
2014,Outerbridge Crossing,Sep,"1,108,475"
2014,Outerbridge Crossing,Oct,"1,115,310"
2014,Outerbridge Crossing,Nov,"1,063,097"
2014,Outerbridge Crossing,Dec,"1,121,397"
2014,Bayonne Bridge,Jan,"217,623"
2014,Bayonne Bridge,Feb,"191,670"
2014,Bayonne Bridge,Mar,"228,401"
2014,Bayonne Bridge,Apr,"222,839"
2014,Bayonne Bridge,May,"211,592"
2014,Bayonne Bridge,Jun,"230,353"
2014,Bayonne Bridge,Jul,"230,708"
2014,Bayonne Bridge,Aug,"198,838"
2014,Bayonne Bridge,Sep,"198,731"
2014,Bayonne Bridge,Oct,"224,999"
2014,Bayonne Bridge,Nov,"192,936"
2014,Bayonne Bridge,Dec,"216,058"
2015,Bayonne Bridge,Jan,"7,644,253"
2015,Bayonne Bridge,Feb,"7,182,428"
2015,Bayonne Bridge,Mar,"8,398,380"
2015,Bayonne Bridge,Apr,"8,791,886"
2015,Bayonne Bridge,May,"9,381,274"
2015,Bayonne Bridge,Jun,"9,136,614"
2015,Bayonne Bridge,Jul,"9,503,847"
2015,Bayonne Bridge,Aug,"9,740,436"
2015,Bayonne Bridge,Sep,"8,829,925"
2015,Bayonne Bridge,Oct,"9,147,969"
2015,Bayonne Bridge,Nov,"8,834,152"
2015,Bayonne Bridge,Dec,"9,121,287"
2015,George Washington Bridge,Jan,"3,311,360"
2015,George Washington Bridge,Feb,"3,083,340"
2015,George Washington Bridge,Mar,"3,622,112"
2015,George Washington Bridge,Apr,"3,839,751"
2015,George Washington Bridge,May,"4,118,473"
2015,George Washington Bridge,Jun,"4,027,236"
2015,George Washington Bridge,Jul,"4,256,461"
2015,George Washington Bridge,Aug,"4,368,773"
2015,George Washington Bridge,Sep,"3,899,794"
2015,George Washington Bridge,Oct,"3,999,640"
2015,George Washington Bridge,Nov,"3,869,655"
2015,George Washington Bridge,Dec,"3,964,751"
2015,Lincoln Tunnel,Jan,"1,160,866"
2015,Lincoln Tunnel,Feb,"1,112,701"
2015,Lincoln Tunnel,Mar,"1,311,351"
2015,Lincoln Tunnel,Apr,"1,320,491"
2015,Lincoln Tunnel,May,"1,395,215"
2015,Lincoln Tunnel,Jun,"1,329,203"
2015,Lincoln Tunnel,Jul,"1,330,841"
2015,Lincoln Tunnel,Aug,"1,384,856"
2015,Lincoln Tunnel,Sep,"1,285,083"
2015,Lincoln Tunnel,Oct,"1,390,624"
2015,Lincoln Tunnel,Nov,"1,327,395"
2015,Lincoln Tunnel,Dec,"1,357,457"
2015,Holland Tunnel,Jan,"1,099,574"
2015,Holland Tunnel,Feb,"1,056,817"
2015,Holland Tunnel,Mar,"1,205,470"
2015,Holland Tunnel,Apr,"1,248,189"
2015,Holland Tunnel,May,"1,320,456"
2015,Holland Tunnel,Jun,"1,273,302"
2015,Holland Tunnel,Jul,"1,295,057"
2015,Holland Tunnel,Aug,"1,306,637"
2015,Holland Tunnel,Sep,"1,207,708"
2015,Holland Tunnel,Oct,"1,271,702"
2015,Holland Tunnel,Nov,"1,215,957"
2015,Holland Tunnel,Dec,"1,261,524"
2015,Goethals Bridge,Jan,"934,463"
2015,Goethals Bridge,Feb,"890,153"
2015,Goethals Bridge,Mar,"1,036,220"
2015,Goethals Bridge,Apr,"1,111,197"
2015,Goethals Bridge,May,"1,147,791"
2015,Goethals Bridge,Jun,"1,129,225"
2015,Goethals Bridge,Jul,"1,216,797"
2015,Goethals Bridge,Aug,"1,233,125"
2015,Goethals Bridge,Sep,"1,140,655"
2015,Goethals Bridge,Oct,"1,183,866"
2015,Goethals Bridge,Nov,"1,159,648"
2015,Goethals Bridge,Dec,"1,196,600"
2015,Outerbridge Crossing,Jan,"954,304"
2015,Outerbridge Crossing,Feb,"885,600"
2015,Outerbridge Crossing,Mar,"1,043,156"
2015,Outerbridge Crossing,Apr,"1,114,199"
2015,Outerbridge Crossing,May,"1,217,858"
2015,Outerbridge Crossing,Jun,"1,205,559"
2015,Outerbridge Crossing,Jul,"1,244,251"
2015,Outerbridge Crossing,Aug,"1,295,679"
2015,Outerbridge Crossing,Sep,"1,143,937"
2015,Outerbridge Crossing,Oct,"1,160,821"
2015,Outerbridge Crossing,Nov,"1,121,021"
2015,Outerbridge Crossing,Dec,"1,182,936"
2015,Bayonne Bridge,Jan,"183,686"
2015,Bayonne Bridge,Feb,"153,817"
2015,Bayonne Bridge,Mar,"180,071"
2015,Bayonne Bridge,Apr,"158,059"
2015,Bayonne Bridge,May,"181,481"
2015,Bayonne Bridge,Jun,"172,089"
2015,Bayonne Bridge,Jul,"160,440"
2015,Bayonne Bridge,Aug,"151,366"
2015,Bayonne Bridge,Sep,"152,748"
2015,Bayonne Bridge,Oct,"141,316"
2015,Bayonne Bridge,Nov,"140,476"
2015,Bayonne Bridge,Dec,"158,019"
2016,Bayonne Bridge,Jan,"7,851,632"
2016,Bayonne Bridge,Feb,"7,901,475"
2016,Bayonne Bridge,Mar,"8,994,065"
2016,Bayonne Bridge,Apr,"8,916,731"
2016,Bayonne Bridge,May,"9,455,656"
2016,Bayonne Bridge,Jun,"9,358,815"
2016,Bayonne Bridge,Jul,"9,726,681"
2016,Bayonne Bridge,Aug,"9,823,207"
2016,Bayonne Bridge,Sep,"9,105,276"
2016,Bayonne Bridge,Oct,"9,276,273"
2016,Bayonne Bridge,Nov,"8,935,522"
2016,Bayonne Bridge,Dec,"9,175,292"
2016,George Washington Bridge,Jan,"3,413,921"
2016,George Washington Bridge,Feb,"3,427,053"
2016,George Washington Bridge,Mar,"3,916,365"
2016,George Washington Bridge,Apr,"3,871,396"
2016,George Washington Bridge,May,"4,114,075"
2016,George Washington Bridge,Jun,"4,081,237"
2016,George Washington Bridge,Jul,"4,322,901"
2016,George Washington Bridge,Aug,"4,394,894"
2016,George Washington Bridge,Sep,"4,019,208"
2016,George Washington Bridge,Oct,"4,063,370"
2016,George Washington Bridge,Nov,"3,902,912"
2016,George Washington Bridge,Dec,"3,970,512"
2016,Lincoln Tunnel,Jan,"1,179,345"
2016,Lincoln Tunnel,Feb,"1,204,833"
2016,Lincoln Tunnel,Mar,"1,347,730"
2016,Lincoln Tunnel,Apr,"1,334,841"
2016,Lincoln Tunnel,May,"1,413,596"
2016,Lincoln Tunnel,Jun,"1,368,607"
2016,Lincoln Tunnel,Jul,"1,377,526"
2016,Lincoln Tunnel,Aug,"1,373,425"
2016,Lincoln Tunnel,Sep,"1,324,441"
2016,Lincoln Tunnel,Oct,"1,383,619"
2016,Lincoln Tunnel,Nov,"1,322,573"
2016,Lincoln Tunnel,Dec,"1,362,347"
2016,Holland Tunnel,Jan,"1,096,868"
2016,Holland Tunnel,Feb,"1,106,842"
2016,Holland Tunnel,Mar,"1,253,854"
2016,Holland Tunnel,Apr,"1,238,334"
2016,Holland Tunnel,May,"1,283,515"
2016,Holland Tunnel,Jun,"1,251,153"
2016,Holland Tunnel,Jul,"1,269,235"
2016,Holland Tunnel,Aug,"1,271,073"
2016,Holland Tunnel,Sep,"1,219,508"
2016,Holland Tunnel,Oct,"1,262,770"
2016,Holland Tunnel,Nov,"1,219,501"
2016,Holland Tunnel,Dec,"1,254,277"
2016,Goethals Bridge,Jan,"1,023,846"
2016,Goethals Bridge,Feb,"1,028,548"
2016,Goethals Bridge,Mar,"1,175,259"
2016,Goethals Bridge,Apr,"1,185,117"
2016,Goethals Bridge,May,"1,267,726"
2016,Goethals Bridge,Jun,"1,258,240"
2016,Goethals Bridge,Jul,"1,322,578"
2016,Goethals Bridge,Aug,"1,321,535"
2016,Goethals Bridge,Sep,"1,205,452"
2016,Goethals Bridge,Oct,"1,198,114"
2016,Goethals Bridge,Nov,"1,170,694"
2016,Goethals Bridge,Dec,"1,210,299"
2016,Outerbridge Crossing,Jan,"1,015,253"
2016,Outerbridge Crossing,Feb,"1,016,839"
2016,Outerbridge Crossing,Mar,"1,163,743"
2016,Outerbridge Crossing,Apr,"1,166,072"
2016,Outerbridge Crossing,May,"1,236,478"
2016,Outerbridge Crossing,Jun,"1,268,158"
2016,Outerbridge Crossing,Jul,"1,320,259"
2016,Outerbridge Crossing,Aug,"1,334,058"
2016,Outerbridge Crossing,Sep,"1,211,197"
2016,Outerbridge Crossing,Oct,"1,231,203"
2016,Outerbridge Crossing,Nov,"1,163,109"
2016,Outerbridge Crossing,Dec,"1,219,486"
2016,Bayonne Bridge,Jan,"122,399"
2016,Bayonne Bridge,Feb,"117,360"
2016,Bayonne Bridge,Mar,"137,114"
2016,Bayonne Bridge,Apr,"120,971"
2016,Bayonne Bridge,May,"140,266"
2016,Bayonne Bridge,Jun,"131,420"
2016,Bayonne Bridge,Jul,"114,182"
2016,Bayonne Bridge,Aug,"128,222"
2016,Bayonne Bridge,Sep,"125,470"
2016,Bayonne Bridge,Oct,"137,197"
2016,Bayonne Bridge,Nov,"156,733"
2016,Bayonne Bridge,Dec,"158,371"
2017,Bayonne Bridge,Jan,"8,303,266"
2017,Bayonne Bridge,Feb,"7,704,449"
2017,Bayonne Bridge,Mar,"8,577,084"
2017,Bayonne Bridge,Apr,"9,143,075"
2017,Bayonne Bridge,May,"9,429,117"
2017,Bayonne Bridge,Jun,"9,454,253"
2017,Bayonne Bridge,Jul,"9,791,872"
2017,Bayonne Bridge,Aug,"9,879,403"
2017,Bayonne Bridge,Sep,"9,213,345"
2017,Bayonne Bridge,Oct,"9,391,364"
2017,Bayonne Bridge,Nov,"9,031,438"
2017,Bayonne Bridge,Dec,"9,193,698"
2017,George Washington Bridge,Jan,"3,626,597"
2017,George Washington Bridge,Feb,"3,334,758"
2017,George Washington Bridge,Mar,"3,713,653"
2017,George Washington Bridge,Apr,"3,987,015"
2017,George Washington Bridge,May,"4,125,574"
2017,George Washington Bridge,Jun,"4,124,604"
2017,George Washington Bridge,Jul,"4,344,562"
2017,George Washington Bridge,Aug,"4,379,367"
2017,George Washington Bridge,Sep,"4,008,588"
2017,George Washington Bridge,Oct,"4,063,537"
2017,George Washington Bridge,Nov,"3,939,977"
2017,George Washington Bridge,Dec,"3,945,980"
2017,Lincoln Tunnel,Jan,"1,228,194"
2017,Lincoln Tunnel,Feb,"1,153,453"
2017,Lincoln Tunnel,Mar,"1,283,209"
2017,Lincoln Tunnel,Apr,"1,350,422"
2017,Lincoln Tunnel,May,"1,370,134"
2017,Lincoln Tunnel,Jun,"1,358,222"
2017,Lincoln Tunnel,Jul,"1,352,605"
2017,Lincoln Tunnel,Aug,"1,363,452"
2017,Lincoln Tunnel,Sep,"1,343,010"
2017,Lincoln Tunnel,Oct,"1,381,436"
2017,Lincoln Tunnel,Nov,"1,310,582"
2017,Lincoln Tunnel,Dec,"1,346,254"
2017,Holland Tunnel,Jan,"1,123,195"
2017,Holland Tunnel,Feb,"1,036,426"
2017,Holland Tunnel,Mar,"1,150,656"
2017,Holland Tunnel,Apr,"1,183,724"
2017,Holland Tunnel,May,"1,216,087"
2017,Holland Tunnel,Jun,"1,214,244"
2017,Holland Tunnel,Jul,"1,234,463"
2017,Holland Tunnel,Aug,"1,242,205"
2017,Holland Tunnel,Sep,"1,194,181"
2017,Holland Tunnel,Oct,"1,241,690"
2017,Holland Tunnel,Nov,"1,189,995"
2017,Holland Tunnel,Dec,"1,220,027"
2017,Goethals Bridge,Jan,"1,103,786"
2017,Goethals Bridge,Feb,"1,044,948"
2017,Goethals Bridge,Mar,"1,125,476"
2017,Goethals Bridge,Apr,"1,211,667"
2017,Goethals Bridge,May,"1,258,418"
2017,Goethals Bridge,Jun,"1,211,490"
2017,Goethals Bridge,Jul,"1,319,924"
2017,Goethals Bridge,Aug,"1,334,953"
2017,Goethals Bridge,Sep,"1,244,706"
2017,Goethals Bridge,Oct,"1,252,654"
2017,Goethals Bridge,Nov,"1,198,359"
2017,Goethals Bridge,Dec,"1,235,335"
2017,Outerbridge Crossing,Jan,"1,091,171"
2017,Outerbridge Crossing,Feb,"1,021,070"
2017,Outerbridge Crossing,Mar,"1,143,881"
2017,Outerbridge Crossing,Apr,"1,229,021"
2017,Outerbridge Crossing,May,"1,253,855"
2017,Outerbridge Crossing,Jun,"1,321,880"
2017,Outerbridge Crossing,Jul,"1,356,559"
2017,Outerbridge Crossing,Aug,"1,356,996"
2017,Outerbridge Crossing,Sep,"1,240,679"
2017,Outerbridge Crossing,Oct,"1,254,348"
2017,Outerbridge Crossing,Nov,"1,189,905"
2017,Outerbridge Crossing,Dec,"1,229,988"
2017,Bayonne Bridge,Jan,"130,323"
2017,Bayonne Bridge,Feb,"113,794"
2017,Bayonne Bridge,Mar,"160,209"
2017,Bayonne Bridge,Apr,"181,226"
2017,Bayonne Bridge,May,"205,049"
2017,Bayonne Bridge,Jun,"223,813"
2017,Bayonne Bridge,Jul,"183,759"
2017,Bayonne Bridge,Aug,"202,430"
2017,Bayonne Bridge,Sep,"182,181"
2017,Bayonne Bridge,Oct,"197,699"
2017,Bayonne Bridge,Nov,"202,620"
2017,Bayonne Bridge,Dec,"216,114"
2018,Bayonne Bridge,Jan,"8,198,267"
2018,Bayonne Bridge,Feb,"7,815,814"
2018,Bayonne Bridge,Mar,"8,750,521"
2018,Bayonne Bridge,Apr,"9,087,314"
2018,Bayonne Bridge,May,"9,562,460"
2018,Bayonne Bridge,Jun,"9,613,013"
2018,Bayonne Bridge,Jul,"9,794,424"
2018,Bayonne Bridge,Aug,"9,932,063"
2018,Bayonne Bridge,Sep,"9,202,817"
2018,Bayonne Bridge,Oct,"9,446,206"
2018,Bayonne Bridge,Nov,"8,996,544"
2018,Bayonne Bridge,Dec,"9,441,750"
2018,George Washington Bridge,Jan,"3,537,542"
2018,George Washington Bridge,Feb,"3,371,104"
2018,George Washington Bridge,Mar,"3,753,545"
2018,George Washington Bridge,Apr,"3,927,179"
2018,George Washington Bridge,May,"4,147,409"
2018,George Washington Bridge,Jun,"4,160,343"
2018,George Washington Bridge,Jul,"4,235,102"
2018,George Washington Bridge,Aug,"4,319,604"
2018,George Washington Bridge,Sep,"3,946,592"
2018,George Washington Bridge,Oct,"4,007,231"
2018,George Washington Bridge,Nov,"3,829,643"
2018,George Washington Bridge,Dec,"4,028,730"
2018,Lincoln Tunnel,Jan,"1,210,788"
2018,Lincoln Tunnel,Feb,"1,146,328"
2018,Lincoln Tunnel,Mar,"1,308,361"
2018,Lincoln Tunnel,Apr,"1,336,737"
2018,Lincoln Tunnel,May,"1,375,807"
2018,Lincoln Tunnel,Jun,"1,358,583"
2018,Lincoln Tunnel,Jul,"1,366,572"
2018,Lincoln Tunnel,Aug,"1,338,140"
2018,Lincoln Tunnel,Sep,"1,317,163"
2018,Lincoln Tunnel,Oct,"1,362,216"
2018,Lincoln Tunnel,Nov,"1,291,219"
2018,Lincoln Tunnel,Dec,"1,330,127"
2018,Holland Tunnel,Jan,"1,086,414"
2018,Holland Tunnel,Feb,"1,039,416"
2018,Holland Tunnel,Mar,"1,171,366"
2018,Holland Tunnel,Apr,"1,168,331"
2018,Holland Tunnel,May,"1,248,648"
2018,Holland Tunnel,Jun,"1,243,676"
2018,Holland Tunnel,Jul,"1,251,774"
2018,Holland Tunnel,Aug,"1,270,737"
2018,Holland Tunnel,Sep,"1,212,724"
2018,Holland Tunnel,Oct,"1,278,950"
2018,Holland Tunnel,Nov,"1,205,211"
2018,Holland Tunnel,Dec,"1,282,520"
2018,Goethals Bridge,Jan,"1,066,035"
2018,Goethals Bridge,Feb,"1,052,465"
2018,Goethals Bridge,Mar,"1,174,165"
2018,Goethals Bridge,Apr,"1,242,677"
2018,Goethals Bridge,May,"1,277,667"
2018,Goethals Bridge,Jun,"1,283,749"
2018,Goethals Bridge,Jul,"1,410,456"
2018,Goethals Bridge,Aug,"1,435,758"
2018,Goethals Bridge,Sep,"1,306,556"
2018,Goethals Bridge,Oct,"1,351,330"
2018,Goethals Bridge,Nov,"1,295,461"
2018,Goethals Bridge,Dec,"1,351,997"
2018,Outerbridge Crossing,Jan,"1,091,251"
2018,Outerbridge Crossing,Feb,"1,022,961"
2018,Outerbridge Crossing,Mar,"1,138,674"
2018,Outerbridge Crossing,Apr,"1,203,353"
2018,Outerbridge Crossing,May,"1,266,029"
2018,Outerbridge Crossing,Jun,"1,300,530"
2018,Outerbridge Crossing,Jul,"1,310,667"
2018,Outerbridge Crossing,Aug,"1,323,731"
2018,Outerbridge Crossing,Sep,"1,201,614"
2018,Outerbridge Crossing,Oct,"1,220,949"
2018,Outerbridge Crossing,Nov,"1,155,750"
2018,Outerbridge Crossing,Dec,"1,224,331"
2018,Bayonne Bridge,Jan,"6,237"
2018,Bayonne Bridge,Feb,"83,540"
2018,Bayonne Bridge,Mar,"4,410"
2018,Bayonne Bridge,Apr,"9,037"
2018,Bayonne Bridge,May,"246,900"
2018,Bayonne Bridge,Jun,"266,132"
2018,Bayonne Bridge,Jul,"219,853"
2018,Bayonne Bridge,Aug,"244,093"
2018,Bayonne Bridge,Sep,"218,168"
2018,Bayonne Bridge,Oct,"225,530"
2018,Bayonne Bridge,Nov,"19,260"
2018,Bayonne Bridge,Dec,"224,045"
2019,Bayonne Bridge,Jan,"8,399,371"
2019,Bayonne Bridge,Feb,"7,904,169"
2019,Bayonne Bridge,Mar,"9,144,855"
2019,Bayonne Bridge,Apr,"9,210,806"
2019,Bayonne Bridge,May,"9,724,774"
2019,Bayonne Bridge,Jun,"9,720,676"
2019,Bayonne Bridge,Jul,"9,872,238"
2019,Bayonne Bridge,Aug,"10,091,355"
2019,Bayonne Bridge,Sep,"9,433,397"
2019,Bayonne Bridge,Oct,"9,540,159"
2019,Bayonne Bridge,Nov,"9,287,870"
2019,Bayonne Bridge,Dec,"9,465,110"
2019,George Washington Bridge,Jan,"3,575,199"
2019,George Washington Bridge,Feb,"3,366,075"
2019,George Washington Bridge,Mar,"3,893,602"
2019,George Washington Bridge,Apr,"3,918,710"
2019,George Washington Bridge,May,"4,136,028"
2019,George Washington Bridge,Jun,"4,161,458"
2019,George Washington Bridge,Jul,"4,315,761"
2019,George Washington Bridge,Aug,"4,374,108"
2019,George Washington Bridge,Sep,"4,004,852"
2019,George Washington Bridge,Oct,"4,061,636"
2019,George Washington Bridge,Nov,"3,989,057"
2019,George Washington Bridge,Dec,"4,012,105"
2019,Lincoln Tunnel,Jan,"1,180,091"
2019,Lincoln Tunnel,Feb,"1,119,844"
2019,Lincoln Tunnel,Mar,"1,317,523"
2019,Lincoln Tunnel,Apr,"1,292,726"
2019,Lincoln Tunnel,May,"1,344,294"
2019,Lincoln Tunnel,Jun,"1,317,860"
2019,Lincoln Tunnel,Jul,"1,262,364"
2019,Lincoln Tunnel,Aug,"1,329,733"
2019,Lincoln Tunnel,Sep,"1,313,111"
2019,Lincoln Tunnel,Oct,"1,304,263"
2019,Lincoln Tunnel,Nov,"1,261,677"
2019,Lincoln Tunnel,Dec,"1,273,817"
2019,Holland Tunnel,Jan,"1,161,741"
2019,Holland Tunnel,Feb,"1,083,719"
2019,Holland Tunnel,Mar,"1,217,840"
2019,Holland Tunnel,Apr,"1,248,989"
2019,Holland Tunnel,May,"1,308,409"
2019,Holland Tunnel,Jun,"1,278,609"
2019,Holland Tunnel,Jul,"1,277,907"
2019,Holland Tunnel,Aug,"1,304,354"
2019,Holland Tunnel,Sep,"1,263,253"
2019,Holland Tunnel,Oct,"1,313,534"
2019,Holland Tunnel,Nov,"1,266,028"
2019,Holland Tunnel,Dec,"1,308,498"
2019,Goethals Bridge,Jan,"1,209,579"
2019,Goethals Bridge,Feb,"1,139,663"
2019,Goethals Bridge,Mar,"1,313,981"
2019,Goethals Bridge,Apr,"1,370,389"
2019,Goethals Bridge,May,"1,421,857"
2019,Goethals Bridge,Jun,"1,430,192"
2019,Goethals Bridge,Jul,"1,455,159"
2019,Goethals Bridge,Aug,"1,479,286"
2019,Goethals Bridge,Sep,"1,337,964"
2019,Goethals Bridge,Oct,"1,351,494"
2019,Goethals Bridge,Nov,"1,300,313"
2019,Goethals Bridge,Dec,"1,356,032"
2019,Outerbridge Crossing,Jan,"1,085,139"
2019,Outerbridge Crossing,Feb,"1,015,924"
2019,Outerbridge Crossing,Mar,"1,168,007"
2019,Outerbridge Crossing,Apr,"1,175,002"
2019,Outerbridge Crossing,May,"1,235,445"
2019,Outerbridge Crossing,Jun,"1,246,344"
2019,Outerbridge Crossing,Jul,"1,269,437"
2019,Outerbridge Crossing,Aug,"1,295,800"
2019,Outerbridge Crossing,Sep,"1,215,474"
2019,Outerbridge Crossing,Oct,"1,210,509"
2019,Outerbridge Crossing,Nov,"1,178,547"
2019,Outerbridge Crossing,Dec,"1,214,875"
2019,Bayonne Bridge,Jan,"187,622"
2019,Bayonne Bridge,Feb,"178,944"
2019,Bayonne Bridge,Mar,"233,902"
2019,Bayonne Bridge,Apr,"204,990"
2019,Bayonne Bridge,May,"278,741"
2019,Bayonne Bridge,Jun,"286,213"
2019,Bayonne Bridge,Jul,"291,610"
2019,Bayonne Bridge,Aug,"308,074"
2019,Bayonne Bridge,Sep,"298,743"
2019,Bayonne Bridge,Oct,"298,723"
2019,Bayonne Bridge,Nov,"292,248"
2019,Bayonne Bridge,Dec,"299,783"
2020,Bayonne Bridge,Jan,"8,719,766"
2020,Bayonne Bridge,Feb,"8,492,197"
2020,Bayonne Bridge,Mar,"6,456,792"
2020,Bayonne Bridge,Apr,"3,446,043"
2020,Bayonne Bridge,May,"5,548,460"
2020,Bayonne Bridge,Jun,"7,096,905"
2020,Bayonne Bridge,Jul,"8,238,320"
2020,Bayonne Bridge,Aug,"8,710,828"
2020,Bayonne Bridge,Sep,"8,352,603"
2020,Bayonne Bridge,Oct,"8,512,919"
2020,Bayonne Bridge,Nov,"7,762,308"
2020,Bayonne Bridge,Dec,"7,595,392"
2020,George Washington Bridge,Jan,"3,720,343"
2020,George Washington Bridge,Feb,"3,619,349"
2020,George Washington Bridge,Mar,"2,788,888"
2020,George Washington Bridge,Apr,"1,529,569"
2020,George Washington Bridge,May,"2,529,460"
2020,George Washington Bridge,Jun,"3,200,525"
2020,George Washington Bridge,Jul,"3,698,076"
2020,George Washington Bridge,Aug,"3,818,395"
2020,George Washington Bridge,Sep,"3,611,734"
2020,George Washington Bridge,Oct,"3,657,912"
2020,George Washington Bridge,Nov,"3,345,556"
2020,George Washington Bridge,Dec,"3,264,746"
2020,Lincoln Tunnel,Jan,"1,170,919"
2020,Lincoln Tunnel,Feb,"1,148,542"
2020,Lincoln Tunnel,Mar,"813,745"
2020,Lincoln Tunnel,Apr,"383,971"
2020,Lincoln Tunnel,May,"609,548"
2020,Lincoln Tunnel,Jun,"812,672"
2020,Lincoln Tunnel,Jul,"989,456"
2020,Lincoln Tunnel,Aug,"1,130,222"
2020,Lincoln Tunnel,Sep,"1,123,701"
2020,Lincoln Tunnel,Oct,"1,198,572"
2020,Lincoln Tunnel,Nov,"1,067,069"
2020,Lincoln Tunnel,Dec,"1,065,246"
2020,Holland Tunnel,Jan,"1,205,160"
2020,Holland Tunnel,Feb,"1,179,009"
2020,Holland Tunnel,Mar,"872,813"
2020,Holland Tunnel,Apr,"426,493"
2020,Holland Tunnel,May,"667,543"
2020,Holland Tunnel,Jun,"809,884"
2020,Holland Tunnel,Jul,"940,543"
2020,Holland Tunnel,Aug,"1,012,757"
2020,Holland Tunnel,Sep,"992,203"
2020,Holland Tunnel,Oct,"1,034,668"
2020,Holland Tunnel,Nov,"954,977"
2020,Holland Tunnel,Dec,"965,635"
2020,Goethals Bridge,Jan,"1,245,951"
2020,Goethals Bridge,Feb,"1,225,161"
2020,Goethals Bridge,Mar,"940,770"
2020,Goethals Bridge,Apr,"486,631"
2020,Goethals Bridge,May,"796,197"
2020,Goethals Bridge,Jun,"1,053,083"
2020,Goethals Bridge,Jul,"1,233,205"
2020,Goethals Bridge,Aug,"1,303,366"
2020,Goethals Bridge,Sep,"1,244,659"
2020,Goethals Bridge,Oct,"1,201,319"
2020,Goethals Bridge,Nov,"1,159,532"
2020,Goethals Bridge,Dec,"1,110,455"
2020,Outerbridge Crossing,Jan,"1,114,798"
2020,Outerbridge Crossing,Feb,"1,069,002"
2020,Outerbridge Crossing,Mar,"834,006"
2020,Outerbridge Crossing,Apr,"491,532"
2020,Outerbridge Crossing,May,"767,002"
2020,Outerbridge Crossing,Jun,"1,001,170"
2020,Outerbridge Crossing,Jul,"1,134,417"
2020,Outerbridge Crossing,Aug,"1,188,595"
2020,Outerbridge Crossing,Sep,"1,128,038"
2020,Outerbridge Crossing,Oct,"1,142,599"
2020,Outerbridge Crossing,Nov,"997,380"
2020,Outerbridge Crossing,Dec,"964,342"
2020,Bayonne Bridge,Jan,"62,595"
2020,Bayonne Bridge,Feb,"51,134"
2020,Bayonne Bridge,Mar,"6,570"
2020,Bayonne Bridge,Apr,"127,847"
2020,Bayonne Bridge,May,"178,710"
2020,Bayonne Bridge,Jun,"219,571"
2020,Bayonne Bridge,Jul,"242,623"
2020,Bayonne Bridge,Aug,"257,493"
2020,Bayonne Bridge,Sep,"252,268"
2020,Bayonne Bridge,Oct,"277,849"
2020,Bayonne Bridge,Nov,"37,794"
2020,Bayonne Bridge,Dec,"224,968"
2021,Bayonne Bridge,Jan,"7,523,213"
2021,Bayonne Bridge,Feb,"6,381,651"
2021,Bayonne Bridge,Mar,"8,424,052"
2021,Bayonne Bridge,Apr,"8,578,752"
2021,Bayonne Bridge,May,"9,367,853"
2021,Bayonne Bridge,Jun,"9,535,539"
2021,Bayonne Bridge,Jul,"9,870,864"
2021,Bayonne Bridge,Aug,"9,820,421"
2021,Bayonne Bridge,Sep,"9,135,062"
2021,Bayonne Bridge,Oct,"9,574,846"
2021,Bayonne Bridge,Nov,"9,222,246"
2021,Bayonne Bridge,Dec,"9,070,930"
2021,George Washington Bridge,Jan,"3,269,623"
2021,George Washington Bridge,Feb,"2,786,273"
2021,George Washington Bridge,Mar,"3,636,798"
2021,George Washington Bridge,Apr,"3,651,427"
2021,George Washington Bridge,May,"4,001,441"
2021,George Washington Bridge,Jun,"4,035,022"
2021,George Washington Bridge,Jul,"4,275,323"
2021,George Washington Bridge,Aug,"4,216,928"
2021,George Washington Bridge,Sep,"3,786,482"
2021,George Washington Bridge,Oct,"3,894,911"
2021,George Washington Bridge,Nov,"3,808,915"
2021,George Washington Bridge,Dec,"3,743,945"
2021,Lincoln Tunnel,Jan,"1,028,403"
2021,Lincoln Tunnel,Feb,"884,903"
2021,Lincoln Tunnel,Mar,"1,212,214"
2021,Lincoln Tunnel,Apr,"1,264,320"
2021,Lincoln Tunnel,May,"1,360,862"
2021,Lincoln Tunnel,Jun,"1,395,132"
2021,Lincoln Tunnel,Jul,"1,409,921"
2021,Lincoln Tunnel,Aug,"1,406,138"
2021,Lincoln Tunnel,Sep,"1,392,837"
2021,Lincoln Tunnel,Oct,"1,495,687"
2021,Lincoln Tunnel,Nov,"1,409,039"
2021,Lincoln Tunnel,Dec,"1,372,296"
2021,Holland Tunnel,Jan,"963,279"
2021,Holland Tunnel,Feb,"820,638"
2021,Holland Tunnel,Mar,"1,082,540"
2021,Holland Tunnel,Apr,"1,093,580"
2021,Holland Tunnel,May,"1,174,731"
2021,Holland Tunnel,Jun,"1,204,116"
2021,Holland Tunnel,Jul,"1,201,737"
2021,Holland Tunnel,Aug,"1,211,681"
2021,Holland Tunnel,Sep,"1,189,889"
2021,Holland Tunnel,Oct,"1,263,268"
2021,Holland Tunnel,Nov,"1,226,805"
2021,Holland Tunnel,Dec,"1,215,364"
2021,Goethals Bridge,Jan,"1,090,197"
2021,Goethals Bridge,Feb,"915,546"
2021,Goethals Bridge,Mar,"1,201,208"
2021,Goethals Bridge,Apr,"1,234,266"
2021,Goethals Bridge,May,"1,335,222"
2021,Goethals Bridge,Jun,"1,343,914"
2021,Goethals Bridge,Jul,"1,420,866"
2021,Goethals Bridge,Aug,"1,428,752"
2021,Goethals Bridge,Sep,"1,326,644"
2021,Goethals Bridge,Oct,"1,379,662"
2021,Goethals Bridge,Nov,"1,317,656"
2021,Goethals Bridge,Dec,"1,322,538"
2021,Outerbridge Crossing,Jan,"952,741"
2021,Outerbridge Crossing,Feb,"791,337"
2021,Outerbridge Crossing,Mar,"1,050,460"
2021,Outerbridge Crossing,Apr,"1,082,456"
2021,Outerbridge Crossing,May,"1,199,717"
2021,Outerbridge Crossing,Jun,"1,238,596"
2021,Outerbridge Crossing,Jul,"1,250,174"
2021,Outerbridge Crossing,Aug,"1,235,441"
2021,Outerbridge Crossing,Sep,"1,128,760"
2021,Outerbridge Crossing,Oct,"1,198,656"
2021,Outerbridge Crossing,Nov,"1,132,915"
2021,Outerbridge Crossing,Dec,"1,119,508"
2021,Bayonne Bridge,Jan,"218,970"
2021,Bayonne Bridge,Feb,"182,954"
2021,Bayonne Bridge,Mar,"240,832"
2021,Bayonne Bridge,Apr,"52,703"
2021,Bayonne Bridge,May,"95,880"
2021,Bayonne Bridge,Jun,"18,759"
2021,Bayonne Bridge,Jul,"12,843"
2021,Bayonne Bridge,Aug,"21,481"
2021,Bayonne Bridge,Sep,"310,450"
2021,Bayonne Bridge,Oct,"42,662"
2021,Bayonne Bridge,Nov,"326,916"
2021,Bayonne Bridge,Dec,"97,279"
2022,Bayonne Bridge,Jan,"7,603,937"
2022,Bayonne Bridge,Feb,"7,995,480"
2022,Bayonne Bridge,Mar,"9,114,308"
2022,Bayonne Bridge,Apr,"9,247,628"
2022,Bayonne Bridge,May,"9,733,518"
2022,Bayonne Bridge,Jun,"9,668,775"
2022,Bayonne Bridge,Jul,"9,881,991"
2022,Bayonne Bridge,Aug,"9,910,427"
2022,Bayonne Bridge,Sep,"9,403,585"
2022,Bayonne Bridge,Oct,"9,538,144"
2022,Bayonne Bridge,Nov,"9,150,272"
2022,Bayonne Bridge,Dec,"9,384,984"
2022,George Washington Bridge,Jan,"3,190,102"
2022,George Washington Bridge,Feb,"3,290,088"
2022,George Washington Bridge,Mar,"3,719,260"
2022,George Washington Bridge,Apr,"3,801,252"
2022,George Washington Bridge,May,"4,026,955"
2022,George Washington Bridge,Jun,"3,982,680"
2022,George Washington Bridge,Jul,"4,112,758"
2022,George Washington Bridge,Aug,"4,113,329"
2022,George Washington Bridge,Sep,"3,848,803"
2022,George Washington Bridge,Oct,"3,903,529"
2022,George Washington Bridge,Nov,"3,759,337"
2022,George Washington Bridge,Dec,"3,846,165"
2022,Lincoln Tunnel,Jan,"1,135,056"
2022,Lincoln Tunnel,Feb,"1,250,149"
2022,Lincoln Tunnel,Mar,"1,481,852"
2022,Lincoln Tunnel,Apr,"1,466,856"
2022,Lincoln Tunnel,May,"1,512,587"
2022,Lincoln Tunnel,Jun,"1,502,968"
2022,Lincoln Tunnel,Jul,"1,498,193"
2022,Lincoln Tunnel,Aug,"1,531,902"
2022,Lincoln Tunnel,Sep,"1,463,702"
2022,Lincoln Tunnel,Oct,"1,493,928"
2022,Lincoln Tunnel,Nov,"1,411,185"
2022,Lincoln Tunnel,Dec,"1,433,393"
2022,Holland Tunnel,Jan,"1,013,607"
2022,Holland Tunnel,Feb,"1,054,205"
2022,Holland Tunnel,Mar,"1,194,854"
2022,Holland Tunnel,Apr,"1,188,428"
2022,Holland Tunnel,May,"1,238,209"
2022,Holland Tunnel,Jun,"1,225,393"
2022,Holland Tunnel,Jul,"1,235,817"
2022,Holland Tunnel,Aug,"1,231,615"
2022,Holland Tunnel,Sep,"1,215,551"
2022,Holland Tunnel,Oct,"1,238,376"
2022,Holland Tunnel,Nov,"1,208,795"
2022,Holland Tunnel,Dec,"1,254,687"
2022,Goethals Bridge,Jan,"1,096,469"
2022,Goethals Bridge,Feb,"1,169,475"
2022,Goethals Bridge,Mar,"1,305,835"
2022,Goethals Bridge,Apr,"1,351,885"
2022,Goethals Bridge,May,"1,419,455"
2022,Goethals Bridge,Jun,"1,385,305"
2022,Goethals Bridge,Jul,"1,441,826"
2022,Goethals Bridge,Aug,"1,413,203"
2022,Goethals Bridge,Sep,"1,374,438"
2022,Goethals Bridge,Oct,"1,369,221"
2022,Goethals Bridge,Nov,"1,316,856"
2022,Goethals Bridge,Dec,"1,357,658"
2022,Outerbridge Crossing,Jan,"933,625"
2022,Outerbridge Crossing,Feb,"982,402"
2022,Outerbridge Crossing,Mar,"1,125,416"
2022,Outerbridge Crossing,Apr,"1,140,865"
2022,Outerbridge Crossing,May,"1,204,500"
2022,Outerbridge Crossing,Jun,"1,232,392"
2022,Outerbridge Crossing,Jul,"1,261,734"
2022,Outerbridge Crossing,Aug,"1,283,988"
2022,Outerbridge Crossing,Sep,"1,187,839"
2022,Outerbridge Crossing,Oct,"1,198,522"
2022,Outerbridge Crossing,Nov,"1,136,797"
2022,Outerbridge Crossing,Dec,"1,172,903"
2022,Bayonne Bridge,Jan,"235,078"
2022,Bayonne Bridge,Feb,"249,161"
2022,Bayonne Bridge,Mar,"287,091"
2022,Bayonne Bridge,Apr,"298,342"
2022,Bayonne Bridge,May,"331,812"
2022,Bayonne Bridge,Jun,"340,037"
2022,Bayonne Bridge,Jul,"331,663"
2022,Bayonne Bridge,Aug,"336,390"
2022,Bayonne Bridge,Sep,"313,252"
2022,Bayonne Bridge,Oct,"334,568"
2022,Bayonne Bridge,Nov,"317,302"
2022,Bayonne Bridge,Dec,"320,178"
2023,Bayonne Bridge,Jan,"8,833,560"
2023,Bayonne Bridge,Feb,"8,147,835"
2023,Bayonne Bridge,Mar,"9,214,076"
2023,Bayonne Bridge,Apr,"9,212,508"
2023,Bayonne Bridge,May,"9,814,404"
2023,Bayonne Bridge,Jun,"9,660,130"
2023,Bayonne Bridge,Jul,"9,930,808"
2023,Bayonne Bridge,Aug,"9,902,452"
2023,Bayonne Bridge,Sep,"9,197,289"
2023,Bayonne Bridge,Oct,"9,551,153"
2023,Bayonne Bridge,Nov,"9,218,513"
2023,Bayonne Bridge,Dec,"9,497,284"
2023,George Washington Bridge,Jan,"3,682,717"
2023,George Washington Bridge,Feb,"3,374,937"
2023,George Washington Bridge,Mar,"3,748,618"
2023,George Washington Bridge,Apr,"3,775,652"
2023,George Washington Bridge,May,"3,976,208"
2023,George Washington Bridge,Jun,"3,934,865"
2023,George Washington Bridge,Jul,"4,121,023"
2023,George Washington Bridge,Aug,"4,079,071"
2023,George Washington Bridge,Sep,"3,751,767"
2023,George Washington Bridge,Oct,"3,892,055"
2023,George Washington Bridge,Nov,"3,778,766"
2023,George Washington Bridge,Dec,"3,903,446"
2023,Lincoln Tunnel,Jan,"1,333,451"
2023,Lincoln Tunnel,Feb,"1,212,408"
2023,Lincoln Tunnel,Mar,"1,404,622"
2023,Lincoln Tunnel,Apr,"1,350,572"
2023,Lincoln Tunnel,May,"1,476,545"
2023,Lincoln Tunnel,Jun,"1,403,948"
2023,Lincoln Tunnel,Jul,"1,403,779"
2023,Lincoln Tunnel,Aug,"1,448,787"
2023,Lincoln Tunnel,Sep,"1,382,148"
2023,Lincoln Tunnel,Oct,"1,424,032"
2023,Lincoln Tunnel,Nov,"1,341,207"
2023,Lincoln Tunnel,Dec,"1,364,413"
2023,Holland Tunnel,Jan,"1,170,217"
2023,Holland Tunnel,Feb,"1,126,812"
2023,Holland Tunnel,Mar,"1,281,823"
2023,Holland Tunnel,Apr,"1,272,587"
2023,Holland Tunnel,May,"1,343,776"
2023,Holland Tunnel,Jun,"1,310,802"
2023,Holland Tunnel,Jul,"1,293,799"
2023,Holland Tunnel,Aug,"1,295,833"
2023,Holland Tunnel,Sep,"1,247,446"
2023,Holland Tunnel,Oct,"1,287,146"
2023,Holland Tunnel,Nov,"1,260,070"
2023,Holland Tunnel,Dec,"1,310,810"
2023,Goethals Bridge,Jan,"1,285,082"
2023,Goethals Bridge,Feb,"1,185,497"
2023,Goethals Bridge,Mar,"1,335,915"
2023,Goethals Bridge,Apr,"1,350,446"
2023,Goethals Bridge,May,"1,395,053"
2023,Goethals Bridge,Jun,"1,396,079"
2023,Goethals Bridge,Jul,"1,464,133"
2023,Goethals Bridge,Aug,"1,445,425"
2023,Goethals Bridge,Sep,"1,340,821"
2023,Goethals Bridge,Oct,"1,394,503"
2023,Goethals Bridge,Nov,"1,347,093"
2023,Goethals Bridge,Dec,"1,377,745"
2023,Outerbridge Crossing,Jan,"1,086,858"
2023,Outerbridge Crossing,Feb,"999,049"
2023,Outerbridge Crossing,Mar,"1,151,705"
2023,Outerbridge Crossing,Apr,"1,165,184"
2023,Outerbridge Crossing,May,"1,266,210"
2023,Outerbridge Crossing,Jun,"1,266,862"
2023,Outerbridge Crossing,Jul,"1,296,313"
2023,Outerbridge Crossing,Aug,"1,293,767"
2023,Outerbridge Crossing,Sep,"1,168,260"
2023,Outerbridge Crossing,Oct,"1,222,543"
2023,Outerbridge Crossing,Nov,"1,166,839"
2023,Outerbridge Crossing,Dec,"1,213,203"
2023,Bayonne Bridge,Jan,"275,235"
2023,Bayonne Bridge,Feb,"249,132"
2023,Bayonne Bridge,Mar,"291,393"
2023,Bayonne Bridge,Apr,"298,067"
2023,Bayonne Bridge,May,"356,612"
2023,Bayonne Bridge,Jun,"347,574"
2023,Bayonne Bridge,Jul,"351,761"
2023,Bayonne Bridge,Aug,"339,569"
2023,Bayonne Bridge,Sep,"306,847"
2023,Bayonne Bridge,Oct,"330,874"
2023,Bayonne Bridge,Nov,"324,538"
2023,Bayonne Bridge,Dec,"327,667"
2024,Bayonne Bridge,Jan,"8,415,266"
2024,Bayonne Bridge,Feb,"8,311,615"
2024,Bayonne Bridge,Mar,"9,223,498"
2024,Bayonne Bridge,Apr,"9,107,817"
2024,Bayonne Bridge,May,"9,721,620"
2024,Bayonne Bridge,Jun,"9,697,277"
2024,Bayonne Bridge,Jul,"9,753,988"
2024,Bayonne Bridge,Aug,"9,776,034"
2024,Bayonne Bridge,Sep,"9,328,932"
2024,Bayonne Bridge,Oct,"9,619,698"
2024,Bayonne Bridge,Nov,"9,208,864"
2024,Bayonne Bridge,Dec,"9,536,454"
2024,George Washington Bridge,Jan,"3,476,222"
2024,George Washington Bridge,Feb,"3,412,731"
2024,George Washington Bridge,Mar,"3,760,713"
2024,George Washington Bridge,Apr,"3,724,379"
2024,George Washington Bridge,May,"3,934,990"
2024,George Washington Bridge,Jun,"3,935,993"
2024,George Washington Bridge,Jul,"4,015,769"
2024,George Washington Bridge,Aug,"3,950,736"
2024,George Washington Bridge,Sep,"3,734,676"
2024,George Washington Bridge,Oct,"3,899,897"
2024,George Washington Bridge,Nov,"3,775,113"
2024,George Washington Bridge,Dec,"3,899,700"
2024,Lincoln Tunnel,Jan,"1,225,543"
2024,Lincoln Tunnel,Feb,"1,217,559"
2024,Lincoln Tunnel,Mar,"1,368,943"
2024,Lincoln Tunnel,Apr,"1,345,618"
2024,Lincoln Tunnel,May,"1,441,254"
2024,Lincoln Tunnel,Jun,"1,399,173"
2024,Lincoln Tunnel,Jul,"1,363,933"
2024,Lincoln Tunnel,Aug,"1,410,989"
2024,Lincoln Tunnel,Sep,"1,399,025"
2024,Lincoln Tunnel,Oct,"1,436,004"
2024,Lincoln Tunnel,Nov,"1,324,217"
2024,Lincoln Tunnel,Dec,"1,348,481"
2024,Holland Tunnel,Jan,"1,167,603"
2024,Holland Tunnel,Feb,"1,155,517"
2024,Holland Tunnel,Mar,"1,282,671"
2024,Holland Tunnel,Apr,"1,252,696"
2024,Holland Tunnel,May,"1,321,920"
2024,Holland Tunnel,Jun,"1,297,693"
2024,Holland Tunnel,Jul,"1,292,870"
2024,Holland Tunnel,Aug,"1,322,009"
2024,Holland Tunnel,Sep,"1,286,285"
2024,Holland Tunnel,Oct,"1,327,274"
2024,Holland Tunnel,Nov,"1,265,722"
2024,Holland Tunnel,Dec,"1,327,734"
2024,Goethals Bridge,Jan,"1,226,564"
2024,Goethals Bridge,Feb,"1,215,077"
2024,Goethals Bridge,Mar,"1,328,027"
2024,Goethals Bridge,Apr,"1,330,228"
2024,Goethals Bridge,May,"1,448,068"
2024,Goethals Bridge,Jun,"1,449,078"
2024,Goethals Bridge,Jul,"1,472,209"
2024,Goethals Bridge,Aug,"1,461,604"
2024,Goethals Bridge,Sep,"1,333,418"
2024,Goethals Bridge,Oct,"1,400,313"
2024,Goethals Bridge,Nov,"1,342,680"
2024,Goethals Bridge,Dec,"1,401,223"
2024,Outerbridge Crossing,Jan,"1,046,228"
2024,Outerbridge Crossing,Feb,"1,041,623"
2024,Outerbridge Crossing,Mar,"1,171,763"
2024,Outerbridge Crossing,Apr,"1,144,559"
2024,Outerbridge Crossing,May,"1,225,514"
2024,Outerbridge Crossing,Jun,"1,255,809"
2024,Outerbridge Crossing,Jul,"1,266,863"
2024,Outerbridge Crossing,Aug,"1,280,563"
2024,Outerbridge Crossing,Sep,"1,213,874"
2024,Outerbridge Crossing,Oct,"1,205,789"
2024,Outerbridge Crossing,Nov,"1,163,430"
2024,Outerbridge Crossing,Dec,"1,215,326"
2024,Bayonne Bridge,Jan,"273,106"
2024,Bayonne Bridge,Feb,"269,108"
2024,Bayonne Bridge,Mar,"311,381"
2024,Bayonne Bridge,Apr,"310,337"
2024,Bayonne Bridge,May,"349,874"
2024,Bayonne Bridge,Jun,"359,531"
2024,Bayonne Bridge,Jul,"342,344"
2024,Bayonne Bridge,Aug,"350,133"
2024,Bayonne Bridge,Sep,"361,654"
2024,Bayonne Bridge,Oct,"350,421"
2024,Bayonne Bridge,Nov,"337,702"
2024,Bayonne Bridge,Dec,"343,990"
2025,Bayonne Bridge,Jan,"8,340,612"
2025,Bayonne Bridge,Feb,"7,732,875"
2025,Bayonne Bridge,Mar,"9,147,352"
2025,Bayonne Bridge,Apr,"9,055,022"
2025,Bayonne Bridge,May,"9,768,957"
2025,Bayonne Bridge,Jun,"9,541,381"
2025,Bayonne Bridge,Jul,"9,783,173"
2025,Bayonne Bridge,Aug,"9,992,425"
2025,Bayonne Bridge,Sep,"9,302,537"
2025,Bayonne Bridge,Oct,"9,464,967"
2025,Bayonne Bridge,Nov,"9,218,011"
2025,Bayonne Bridge,Dec,"9,239,845"
2025,George Washington Bridge,Jan,"3,515,778"
2025,George Washington Bridge,Feb,"3,231,728"
2025,George Washington Bridge,Mar,"3,800,683"
2025,George Washington Bridge,Apr,"3,754,742"
2025,George Washington Bridge,May,"4,027,271"
2025,George Washington Bridge,Jun,"3,911,105"
2025,George Washington Bridge,Jul,"4,075,433"
2025,George Washington Bridge,Aug,"4,157,650"
2025,George Washington Bridge,Sep,"3,831,238"
2025,George Washington Bridge,Oct,"3,893,123"
2025,George Washington Bridge,Nov,"3,834,242"
2025,George Washington Bridge,Dec,"3,867,206"
2025,Lincoln Tunnel,Jan,"1,110,491"
2025,Lincoln Tunnel,Feb,"1,055,381"
2025,Lincoln Tunnel,Mar,"1,274,329"
2025,Lincoln Tunnel,Apr,"1,256,524"
2025,Lincoln Tunnel,May,"1,404,782"
2025,Lincoln Tunnel,Jun,"1,342,522"
2025,Lincoln Tunnel,Jul,"1,317,030"
2025,Lincoln Tunnel,Aug,"1,357,493"
2025,Lincoln Tunnel,Sep,"1,303,547"
2025,Lincoln Tunnel,Oct,"1,317,680"
2025,Lincoln Tunnel,Nov,"1,268,455"
2025,Lincoln Tunnel,Dec,"1,230,106"
2025,Holland Tunnel,Jan,"1,109,523"
2025,Holland Tunnel,Feb,"1,041,322"
2025,Holland Tunnel,Mar,"1,220,569"
2025,Holland Tunnel,Apr,"1,201,530"
2025,Holland Tunnel,May,"1,285,769"
2025,Holland Tunnel,Jun,"1,265,807"
2025,Holland Tunnel,Jul,"1,278,796"
2025,Holland Tunnel,Aug,"1,313,742"
2025,Holland Tunnel,Sep,"1,256,902"
2025,Holland Tunnel,Oct,"1,287,849"
2025,Holland Tunnel,Nov,"1,253,668"
2025,Holland Tunnel,Dec,"1,282,165"
2025,Goethals Bridge,Jan,"1,268,239"
2025,Goethals Bridge,Feb,"1,163,060"
2025,Goethals Bridge,Mar,"1,379,626"
2025,Goethals Bridge,Apr,"1,368,917"
2025,Goethals Bridge,May,"1,450,996"
2025,Goethals Bridge,Jun,"1,429,138"
2025,Goethals Bridge,Jul,"1,469,182"
2025,Goethals Bridge,Aug,"1,507,810"
2025,Goethals Bridge,Sep,"1,374,431"
2025,Goethals Bridge,Oct,"1,428,837"
2025,Goethals Bridge,Nov,"1,370,635"
2025,Goethals Bridge,Dec,"1,390,507"
2025,Outerbridge Crossing,Jan,"1,058,262"
2025,Outerbridge Crossing,Feb,"987,989"
2025,Outerbridge Crossing,Mar,"1,176,907"
2025,Outerbridge Crossing,Apr,"1,167,177"
2025,Outerbridge Crossing,May,"1,250,175"
2025,Outerbridge Crossing,Jun,"1,252,485"
2025,Outerbridge Crossing,Jul,"1,286,142"
2025,Outerbridge Crossing,Aug,"1,297,737"
2025,Outerbridge Crossing,Sep,"1,199,990"
2025,Outerbridge Crossing,Oct,"1,199,855"
2025,Outerbridge Crossing,Nov,"1,159,577"
2025,Outerbridge Crossing,Dec,"1,150,886"
2025,Bayonne Bridge,Jan,"78,319"
2025,Bayonne Bridge,Feb,"53,395"
2025,Bayonne Bridge,Mar,"95,238"
2025,Bayonne Bridge,Apr,"6,132"
2025,Bayonne Bridge,May,"49,964"
2025,Bayonne Bridge,Jun,"340,324"
2025,Bayonne Bridge,Jul,"56,590"
2025,Bayonne Bridge,Aug,"357,993"
2025,Bayonne Bridge,Sep,"36,429"
2025,Bayonne Bridge,Oct,"37,623"
2025,Bayonne Bridge,Nov,"331,434"
2025,Bayonne Bridge,Dec,"18,975"
